asset_id,condition_id,outcome,question,end_date,active,taker_fee_bps
88220904192980552405521004782581261913522840955093249855785247406885451185053,0xb47959475696c12c99e65a4a672c061e0bdda03bb0e8d358fc896220954cfeaf,NO,United States vs. Australia: O/U 5.5,2026-06-19,0,10000000
61176523742034019682716700429806977254348209307464763363752939279692405127625,0x6c97fa5721239efeab68e43ab9a54a78ddc0722ee51e565ccd76d82659c3bc2b,YES,Scotland vs. Morocco: Both Teams to Score,2026-06-19,0,10000000
71647651746017251925633530334655599957279034293672019723794705186517071585543,0x4376ba6a6fbb72008d510cc8d890980aa17b37565687c6aeb66bc9833309e34d,YES,Scotland vs. Morocco: Scotland O/U 0.5,2026-06-19,0,10000000
63815342680900457140101524226963522918858568109476160787175105862948105758727,0xdc69b1161dafc14363003b12cca65a50fc850f1cc62df21c25bc6a229c74244c,YES,United States vs. Australia: O/U 7.5,2026-06-19,0,10000000
44760462421081474757730865793788265169965098612318191752467227028523155284729,0x8dddfa7630c36947f313f0d7d192f0f5d9d6430daa9fd3a5f58026dedfd46aad,YES,United States vs. Australia: O/U 10.5 Total Corners,2026-06-19,0,10000000
79196660270556798264588453256534676159649836901208309167154629930593118212617,0x8a9ea8db56d753cba283cd811be520a8599bb3bc4508bdab619fc2aa5f9e88b0,NO,Brazil vs. Haiti: Neither team to score first?,2026-06-20,0,10000000
87389532618161077077775803418928448000201366926143669906238476132134310110840,0xafd284c524186c6bd0a294c68f386bfb2cc4f694618ee865a3dced19693a6293,YES,Brazil vs. Haiti: Brazil O/U 1.5,2026-06-20,0,10000000
71068727136083395688128402955607022942502219797389080943012862055085205154302,0xafd284c524186c6bd0a294c68f386bfb2cc4f694618ee865a3dced19693a6293,NO,Brazil vs. Haiti: Brazil O/U 1.5,2026-06-20,0,10000000
105442865557381699521039107236992484154193885418509607688079342435712982402824,0x74d441db5a1bef646557c5e7bba4de5ea552546308d9ce739c736d8053e72557,YES,Scotland vs. Morocco: Scotland O/U 1.5,2026-06-19,0,10000000
86156771329853570101735929522238906624626731338097101610622645463197794390707,0x39cf6a848b82ce949b5dfb35758bc2419baea8542ccbc5a2f5bd52d5dae4138e,NO,Türkiye vs. Paraguay: Türkiye O/U 2.5,2026-06-20,1,10000000
22474319933726888126445143183289576564089486211424127265160118675782294753135,0x67f6be2632e15a0420b4a7f1867398b8be4d757173a2d6128b9299a2d8b771a0,YES,Türkiye vs. Paraguay: Türkiye O/U 0.5,2026-06-20,1,10000000
65734478112468462288826349039919982544607718730739032165328363187757288425110,0x4f9730fc10a8c209173129ef5bfc91ae76242037ca0d9777623f9f47e67c7202,YES,Türkiye vs. Paraguay: Paraguay O/U 0.5,2026-06-20,1,10000000
28882649208479664288142772878560681162408281492392388281039867307687735742846,0xbc2caa56ce87821dfaff13470465afbf442c79f641726585722841eac93eb5a6,YES,United States vs. Australia: United States O/U 1.5,2026-06-19,0,10000000
1322346939445077427498536450474251860365816341410699367157334586676679042853,0xc913f8c92593fca7bd21069ae301bbb0efe9cb832815773bde0e8868de7d7744,YES,United States vs. Australia: O/U 7.5 Total Corners,2026-06-19,0,10000000
107868025826724333376203604614544560562873404111038347785262922356245772014797,0xb9275e5de263eb01555279db80db363cb631912b944878805bfb1e9062b7298c,YES,Scotland vs. Morocco: O/U 1.5,2026-06-19,0,10000000
17831997026345984651210531021426408590558513603432741774267247368357584255411,0x7fb3cc9197a92467434b19106c06d641595c4c9a9ccb6a610fb760794d5f8f3d,NO,Brazil vs. Haiti: O/U 8.5,2026-06-20,0,10000000
65781021703815514740567968160363286035293769883043533173743081836972203889992,0x0ef65ebd3f36458137a314bf18e316a8323d033b58f674153abf5c1da97a8eb0,NO,United States vs. Australia: Neither team to score first?,2026-06-19,0,10000000
48719061954955443470401843945935976094194867618487386852500499081854679748069,0x227e39491eefa64d2ce6776f4b182ca2247e34c9771d0e565d7297c72fcfbc79,YES,Scotland vs. Morocco: O/U 5.5,2026-06-19,0,10000000
111472612621115731970209586843214791780675867284098676618855929108919425002576,0x667fcdc81f83eb830cdde30c61e1a57606bc144f86cea92cc37dc1cde99f8de4,NO,Brazil vs. Haiti: O/U 8.5 Total Corners,2026-06-20,0,10000000
99426555204237350248209092588617575508356689282047252986842885610333067363529,0xe82c35bb8aa04a7d77a9293b3ce06da1fc400ceb4faed6aa1afd728e2a503648,NO,United States vs. Australia: O/U 6.5 Total Corners,2026-06-19,0,10000000
36038597916411531866080602425400107689720729575753286652056932997983942014137,0xa70fe9df0be74e350f2dadacca6f73926b10fe803bdf2dd2e2c46abfbf9492f3,YES,Türkiye vs. Paraguay: Türkiye O/U 4.5 Corners,2026-06-20,1,10000000
50370665823090886327748716578832347335292414948816525690866665345269991926891,0x39cf6a848b82ce949b5dfb35758bc2419baea8542ccbc5a2f5bd52d5dae4138e,YES,Türkiye vs. Paraguay: Türkiye O/U 2.5,2026-06-20,1,10000000
33495713268688179939767776462643415787897493099308473243228151098131030780882,0x959c79d9ff310b46dec3e402f4e71e80a23d8c7a5228c41946900eab085a0d85,YES,United States vs. Australia: O/U 3.5,2026-06-19,0,10000000
110857981972711009562852736732584803634244953993140340124565009540595335592460,0x6cc53d624f4831c0dd54087e70ee036590f7504ecd991094f0f36a591f4c9e3e,YES,United States vs. Australia: O/U 4.5,2026-06-19,0,10000000
69056418046279715452506291607823612534319441349993479113858278868091429993613,0x8143fad941c82f90679e15c8fb7b9c1c920fb30aa3996333d108f63091d2da97,NO,United States vs. Australia: O/U 9.5 Total Corners,2026-06-19,0,10000000
55648260248215228878822731082722724855046741156668311625618151199429994557014,0x9a405a09ebeff5dd1b8a3b128f02824bbf849cb5b3bbca39c410dc7f85832d53,NO,Brazil vs. Haiti: O/U 4.5,2026-06-20,0,10000000
17667553418952414421948759415346713831488328999655875423481718827533754943583,0x3abf580851cb45e4edb313fb44d43239ec4d6ef3ad90fd5a46546ab81a11dd80,YES,Brazil vs. Haiti: O/U 2.5,2026-06-20,0,10000000
31362110189785655492879484905318091733626340819946923806178800692420076282983,0xd9eb62ff052029b8eebd6686fd6dd39a271830690dc8bcab47148ccdf008a99d,NO,Scotland vs. Morocco: O/U 6.5,2026-06-19,0,10000000
58462717630330246231249892864819270253259124275783789400353547113206306612289,0x86f5fb1d04d926a87921e04ee7f8e57e0e2d2ca00c28a49ea39b99417794e952,NO,Türkiye vs. Paraguay: O/U 5.5,2026-06-20,1,10000000
76540557694995010825604999078063120707157180634839871583470781261266544096704,0x8e04a2d36130e374d38f91b2eb5c564d7d51f856e7bd28e69d7e60ec6ea5634f,NO,Brazil vs. Haiti: O/U 12.5 Total Corners,2026-06-20,0,10000000
77918098164671047381692253369746169731749647114644807359280530136689725614338,0xbfe2628ebcbaaf420c7149a42718ec59e7f730d7bd7ea33b0fb066d9abcb31b3,NO,United States vs. Australia: Australia O/U 2.5,2026-06-19,0,10000000
91038647343805119758777396192402445247233155096380211081462028178683660564991,0xdc112ac375b3af1ee7c9c1d8d9a160cdbaff2c24ad865a4837c340d8d36fa441,NO,Brazil vs. Haiti: Draw at halftime?,2026-06-20,0,10000000
28263134037629882202514156295519023585645789286172777415298982653921139848227,0xd4428eeec7a90f36bb5a7322d1d8db882388cc1698eecab65bd3d541110fa2a6,NO,Türkiye vs. Paraguay: O/U 0.5,2026-06-20,1,10000000
37707166283991528055156619598131266373312878102085112728386012194125337518027,0x807154f7609db2c7585d9e1325b383721e923a6e199c6bdbdf3d8a9698db9029,YES,Türkiye vs. Paraguay: O/U 7.5 Total Corners,2026-06-20,1,10000000
106514871007416882826221546819827495980267614409344687166122272011573088592058,0x34d34d23fa1b2203b2cd7019455f1c33b00e10a2c0501ce66da54bfa7377eb8a,NO,Scotland vs. Morocco: O/U 7.5 Total Corners,2026-06-19,0,10000000
51275739543115729363575008935610648457407377485218550857283186008308911863823,0xf01a2eef10431aff7fbbf46269948e33eb7206a6e4a1af53a2450d73ccecb244,NO,United States vs. Australia: Australia O/U 2.5 Corners,2026-06-19,0,10000000
29635915323313094722084382373849727992347396440470606145428274869465116312842,0x96ffdc3baf35bef85b49f81a00472b5764c7380d16ec761cc4fdcf1a050709f7,NO,Brazil vs. Haiti: Brazil O/U 0.5,2026-06-20,0,10000000
109610718601230553657875144118434076412917807155339738128040265547886996377053,0xe8da2552ac8ebe5812713ba1e195ffb17a1c372b6e529e831cc6db24f315cb4d,YES,Scotland vs. Morocco: Scotland O/U 3.5 Corners,2026-06-19,0,10000000
50057182630095728844179017563537698085118492174175576604153139825617439423177,0x3ab481227c9cb3f23e3f489ba1ed231a3feb464df8d39900b6f9994e167cad92,YES,United States vs. Australia: Second half draw?,2026-06-19,0,10000000
38086271722905408703429078777549840295432966389085805231342603777156109683931,0xa5c0641f44602aa4fb0553481f630f697542a4798192ad84e8673e7815c768c4,NO,Brazil vs. Haiti: Haiti O/U 2.5 Corners,2026-06-20,0,10000000
11927676458621826212173356689121647021171322353368382049715183923844846906343,0xd1d816fab313291b9a0f0558314d2198cacc9a326428e03ebef37dd37085308e,NO,Türkiye vs. Paraguay: Türkiye 1st Half O/U 0.5,2026-06-20,1,10000000
1572512835565317547970833125214496320014501056107180518478148007560418245881,0xc67e78d9515ea4100e43ea9f861fde9b068c7fc3f1395d26699c433206f9aabf,NO,United States vs. Australia: O/U 2.5,2026-06-19,0,10000000
9511741379613634607358650599482867996934034849013340062843147293282652877064,0x5e6b685211bb1141b9f71539d29a6f60d681efb841668443c1c9eeacf1be73c7,NO,Brazil vs. Haiti: Both Teams to Score,2026-06-20,0,10000000
56962091170811384204644854397871261460667270426029393405840257121021140483809,0xc913f8c92593fca7bd21069ae301bbb0efe9cb832815773bde0e8868de7d7744,NO,United States vs. Australia: O/U 7.5 Total Corners,2026-06-19,0,10000000
1847035021647677925835421650544019425806769055092993341369853851696102091647,0x184c20e0072983063a7bfded6f8147b5f6c3f919cb41e70fd77d9540d99dc424,YES,Türkiye vs. Paraguay: 1st Half O/U 0.5,2026-06-20,1,10000000
62724632466395659503999767083761060803103099441990520615879875063869229005477,0xb91fd8a9087220e91e72419db83f7481d9e0ca794db364e01bafa26388ab0944,NO,Scotland vs. Morocco: O/U 4.5,2026-06-19,0,10000000
8069174765625826725000319665640671137608938880797268646753679665162136661763,0xd3911cf2750017788b8a2d545d1a000d0c2258a33d8b032fe0a9ffb2656af55a,NO,Scotland vs. Morocco: Morocco O/U 1.5,2026-06-19,0,10000000
84946756913327052136608207509640137373647106809521123906644329811661049914407,0xad7dc21f5b42967bdd510a1e1fcb36f8f1674db5cdbee6164a636f49b3c38723,YES,United States vs. Australia: Both Teams to Score in First Half,2026-06-19,0,10000000
114357618633592255054914049765975423668187102438713783714964776943877886787588,0x8bb22c2efff034cec90642b8ba887935741f58d1b9dcc37fb693bdefe9cc7347,YES,Brazil vs. Haiti: O/U 7.5,2026-06-20,0,10000000
99092602246869752792040450681586444790824300095100874317023203481244785671747,0x251cf7139459b536144810f2bafa0a05719f62b8c90cb64148a064db35192b77,NO,United States vs. Australia: Australia O/U 1.5,2026-06-19,0,10000000
62615004360301163906706582188034311729208423004579403397101379133737771436586,0x1d91c2f193a85c62657df5ca4828b599f45cf117cebfaa8c74297dd11e0a9f52,YES,Brazil vs. Haiti: Brazil O/U 2.5,2026-06-20,0,10000000
101336772787006048466782065745692717573891886404635945701903611038857241922961,0x2c56a3cfb946315414917ddc50f6ed85478248a4d5f3c28fde5acff489a2bdfc,NO,United States vs. Australia: 1st Half O/U 1.5,2026-06-19,0,10000000
89868186131833294193975962636040012117325958329441350807442570994878088899485,0xb5c6b57d0648ee811c06427ff29ddd931d4ea03778d71adce2265162b2867bd7,YES,Brazil vs. Haiti: O/U 0.5,2026-06-20,0,10000000
50611178447777554840291027923731764353363451056680924539059116322154832923408,0xbfe2628ebcbaaf420c7149a42718ec59e7f730d7bd7ea33b0fb066d9abcb31b3,YES,United States vs. Australia: Australia O/U 2.5,2026-06-19,0,10000000
27223890417054503394141997331254986950326362899367548995953830522767130475500,0x9d289dc13884c36816f5431abc88f13da633dbda7252ee49841707fd230c51d3,NO,Scotland vs. Morocco: Draw at halftime?,2026-06-19,0,10000000
51143615965458139192720420661899006600087182388958971735161848927709526737278,0xd1ceca466edc318ffac9931027d2c100af0b0ff03d5c99dc0330756659c92fca,NO,United States vs. Australia: O/U 11.5 Total Corners,2026-06-19,0,10000000
97193850661458551964397254582518317198400217708008279429846200124671040662563,0xf6392ced508f209656aa09425f9b2b18a01b9b522ccc014fcf58d52fa06ef20c,YES,Scotland vs. Morocco: Both Teams to Score in First Half,2026-06-19,0,10000000
44823908071443371123817267240496577425811297972527888174606220358810580408032,0x6d2ec1a7454f8a94e4d291af138e474041ed49d1419fbe14ab7e583362dc4e27,NO,United States vs. Australia: United States O/U 5.5 Corners,2026-06-19,0,10000000
12732476156729199590580367531829857716393589756574246863415929140159781568733,0x611378763b8bd56a7343d95dc02163c67a84b95fc8b194532a042470efe8e0af,NO,United States vs. Australia: 2nd Half O/U 2.5,2026-06-19,0,10000000
16607972594692749389238623039375506255586843533679421426325977288279144008791,0xe9297421cac7c2d4442aafe909c38fcb0c019df872b408c4cd951e377b5da8ff,YES,United States vs. Australia: Australia O/U 3.5 Corners,2026-06-19,0,10000000
39645419420718294581008534963142183261612393806471126365589993228399305966266,0xc3631883eb8731304462470666aa26c28f1567186e8c866160a0068baf91ee10,YES,Türkiye vs. Paraguay: O/U 7.5,2026-06-20,1,10000000
54127795077951557933229088532291955935165592427984573014000294176919663645422,0xb0376135438501bca413f3168d1a5f7d198b1f16a5ee058589546b717646420d,YES,Brazil vs. Haiti: Haiti O/U 2.5,2026-06-20,0,10000000
105638327430349039332269043910857920842021533048823162843186163355170846964791,0xd414a4bdb4c86f835fb31e432ab3ea15e374fe7f39b6b0a224c7a521378967ea,NO,Will Brazil vs. Haiti end in a draw?,2026-06-20,0,10000000
13667304945725554183260178787709434136758434228059513314240083438464704592394,0x3112fac8d20d1ab49fa9151c7f0a304d91dc5f180f49ee373327ef85ec5c2c2b,YES,Türkiye vs. Paraguay: O/U 2.5,2026-06-20,1,10000000
38579509665211979204729140103965253429205386083742603848907491292991162752412,0xac4a3ec488eb710bace609cb7e8e817d6c0c7f1616fb557b1f163ab4363c167a,YES,United States vs. Australia: United States O/U 0.5,2026-06-19,0,10000000
37508602594906341943787960227556295975162838639310830337965477856155524411504,0x8bb22c2efff034cec90642b8ba887935741f58d1b9dcc37fb693bdefe9cc7347,NO,Brazil vs. Haiti: O/U 7.5,2026-06-20,0,10000000
41899161986159182912082141907280567633826060534865598044712045238658922567786,0x4376ba6a6fbb72008d510cc8d890980aa17b37565687c6aeb66bc9833309e34d,NO,Scotland vs. Morocco: Scotland O/U 0.5,2026-06-19,0,10000000
36999279975637824786373114496144475063795301090133838979114615413334043134036,0xb45645188f311ecc46f8cdb80b02c29a345d4933cf6b73664b09d3131a2d16d9,YES,Türkiye vs. Paraguay: O/U 1.5,2026-06-20,1,10000000
78142765414170772085605236847243352261477724233368945207195438213792754035945,0xcd50c189acd4962542bc78f40dbf990e194eee05728282a6f1769c1a2125326c,YES,Brazil vs. Haiti: O/U 11.5 Total Corners,2026-06-20,0,10000000
84809980604242186931110917149817755687416081587662959933787381476513365178593,0x74ddb324bc2a4d8ee9da894f6317d11412119da68f173f5cafffcba04ea3fcde,NO,Scotland vs. Morocco: O/U 10.5 Total Corners,2026-06-19,0,10000000
14408903972775620719400554695393382368663908479226448331678555513099433643448,0x7b89625e13de90c5b1b801db197b30ceee0c7ae9a4f5001ec845cdd3c8984ee8,YES,Brazil vs. Haiti: Brazil 1st Half O/U 1.5,2026-06-20,0,10000000
97324206154318680757266048268160727146160097528669417708734088193659689463900,0x34d34d23fa1b2203b2cd7019455f1c33b00e10a2c0501ce66da54bfa7377eb8a,YES,Scotland vs. Morocco: O/U 7.5 Total Corners,2026-06-19,0,10000000
19759335382731065098337344487604654185608434101281222973116224728993962139060,0x1b9e1752b41567a10622cf4dfcfb65c8c10f6b2d792d456bc3ad8cbc7ca38cb9,YES,United States vs. Australia: United States 1st Half O/U 1.5,2026-06-19,0,10000000
78088637841858733175355059336387749199952440586618408927058840108948927801103,0xfb5b883a8a96b497ef6a96184b0a31864a1bfe6b21822984503602356eb7c275,YES,Scotland vs. Morocco: Morocco 1st Half O/U 0.5,2026-06-19,0,10000000
84084510157517857066371681651975016451486135856173971998854508308163918989800,0xc10912b7309f5dc71a565bdcc5a39f65620d7b4a5981d13b2fa5c6b816200a99,YES,Scotland vs. Morocco: Morocco O/U 2.5,2026-06-19,0,10000000
31017464672061834376479631955088734594661600683523954640652848562130466929805,0x00e47ce131fa3299fc38386392675f3bddbf8fa3cafb36658f9fd70b3eec0bdb,NO,Türkiye vs. Paraguay: O/U 12.5 Total Corners,2026-06-20,1,10000000
94239369393725896078044399837085427613736088610379402521782944144914912163552,0xb47959475696c12c99e65a4a672c061e0bdda03bb0e8d358fc896220954cfeaf,YES,United States vs. Australia: O/U 5.5,2026-06-19,0,10000000
84365988166827185963698089974055256370708466372999662274996540491995082013185,0xb1a0254ee2dfe4fc6bb05e521cd068d463245f3763cac6ed3c464d6499a8cc07,NO,Will Türkiye vs. Paraguay end in a draw?,2026-06-20,1,10000000
62514498544453084374372353790015079663997399526412935866127342300053550018727,0x9a405a09ebeff5dd1b8a3b128f02824bbf849cb5b3bbca39c410dc7f85832d53,YES,Brazil vs. Haiti: O/U 4.5,2026-06-20,0,10000000
20422399630431627519287049078321410370817240150035082876345518270965610366978,0x7fb3cc9197a92467434b19106c06d641595c4c9a9ccb6a610fb760794d5f8f3d,YES,Brazil vs. Haiti: O/U 8.5,2026-06-20,0,10000000
22607207106426547044749184433384225599610915857328593186487185513769036475727,0xad7dc21f5b42967bdd510a1e1fcb36f8f1674db5cdbee6164a636f49b3c38723,NO,United States vs. Australia: Both Teams to Score in First Half,2026-06-19,0,10000000
3095380011153678841693862797417783033911060151848122982231025921789309857950,0x3a2006e268eb923beaecccc38fa41a3abe42ba9bf21a545e21af8c5a3ca087af,NO,Türkiye vs. Paraguay: O/U 3.5,2026-06-20,1,10000000
67118129956001053604948200408543366385243454049280178241161376941324342437309,0x7a671fa884bd2abb2f1626e879d58eb864b8fd7448b56a6093005f3e1d8b467f,NO,United States vs. Australia: O/U 6.5,2026-06-19,0,10000000
63661198369656403617009046144219114533432135635045134660704152809067101187263,0x52f53305f69cd096ea39caa5fe926c9e1f3e80ab0088d6fb45136ad5bd63d227,YES,United States vs. Australia: O/U 8.5,2026-06-19,0,10000000
743256709960638698652947325030190053782716439611496061001642797856619772047,0x8dddfa7630c36947f313f0d7d192f0f5d9d6430daa9fd3a5f58026dedfd46aad,NO,United States vs. Australia: O/U 10.5 Total Corners,2026-06-19,0,10000000
32080477072100564213855568931021996775679839372932461170511467121717449597284,0x36a22ea3278a9c5ccd0b86df5b90cb53e10aa9a29634d49ab136d890342ff444,NO,United States vs. Australia: United States 1st Half O/U 0.5,2026-06-19,0,10000000
94811548778978072197152157090437248548276232322559916924904820026490855250309,0xbd2f6fdb40e00f1fc1b42c309deb790c6bedd835b567e2292523ddbf1a76b1fe,NO,United States vs. Australia: 2nd Half O/U 1.5,2026-06-19,0,10000000
58050427577884599715794303085094107929454167477408227578037455011708557443230,0xc3631883eb8731304462470666aa26c28f1567186e8c866160a0068baf91ee10,NO,Türkiye vs. Paraguay: O/U 7.5,2026-06-20,1,10000000
59562309137371501427450532372543722753640810219502301664245032568495748591553,0xfb5b883a8a96b497ef6a96184b0a31864a1bfe6b21822984503602356eb7c275,NO,Scotland vs. Morocco: Morocco 1st Half O/U 0.5,2026-06-19,0,10000000
90138352227371075981372473021978844484093738176845295691859124845303234520061,0xc10912b7309f5dc71a565bdcc5a39f65620d7b4a5981d13b2fa5c6b816200a99,NO,Scotland vs. Morocco: Morocco O/U 2.5,2026-06-19,0,10000000
30736661953181269341496111478876831233823478745514838209781320264082751916683,0x9b462d223d232972014ad9dfd41b5783a9315ace88281e5839c062fc565cd51f,YES,Türkiye vs. Paraguay: Both Teams to Score in First Half,2026-06-20,1,10000000
92967876953318382955618333594766431618572125928759433298484486256593315486783,0x300e32ca5a62a4980bc95e5e3885930f8b888d26d46fb61e3dd11d87700618e3,NO,United States vs. Australia: Both Teams to Score,2026-06-19,0,10000000
97352467453145313630963654176553893589464421572064556766495450282047981271673,0x4457384d10bd19139415797fe197fed390213239184c8e80390671d8801c200d,NO,Brazil vs. Haiti: O/U 5.5,2026-06-20,0,10000000
110539227552000750935757474350527247936703303819416957918577480162269543052454,0xc161f89c2e163f0e7bcaff8ebe340748d2c707f288d181f67e677f147f80b4f1,YES,United States vs. Australia: Australia O/U 0.5,2026-06-19,0,10000000
50172588711163650434382884372867742917476777311792932146740698690908399944004,0xc161f89c2e163f0e7bcaff8ebe340748d2c707f288d181f67e677f147f80b4f1,NO,United States vs. Australia: Australia O/U 0.5,2026-06-19,0,10000000
83937598763885470024372852366994598782487406118095374601461437469497835007599,0xac4a3ec488eb710bace609cb7e8e817d6c0c7f1616fb557b1f163ab4363c167a,NO,United States vs. Australia: United States O/U 0.5,2026-06-19,0,10000000
88800484397981825980000685316906497254689019024562706481004428464669368154417,0xb91fd8a9087220e91e72419db83f7481d9e0ca794db364e01bafa26388ab0944,YES,Scotland vs. Morocco: O/U 4.5,2026-06-19,0,10000000
52095944845296274626283314901136596133468088599185943787030574793485100468347,0xb5c6b57d0648ee811c06427ff29ddd931d4ea03778d71adce2265162b2867bd7,NO,Brazil vs. Haiti: O/U 0.5,2026-06-20,0,10000000
31795789078765693045738493406526003814877900958634445572876443659468463192941,0xf10975c17a816d932787bcefb329df66ceb16e3942cf789ebae5c4bf9284e870,NO,Türkiye vs. Paraguay: O/U 8.5 Total Corners,2026-06-20,1,10000000
67640407242191262946549532245753755476896017278789975488277728994227639814626,0xb45645188f311ecc46f8cdb80b02c29a345d4933cf6b73664b09d3131a2d16d9,NO,Türkiye vs. Paraguay: O/U 1.5,2026-06-20,1,10000000
28441176215937535229574789121313785139710903069737260557455579246160908737598,0x807154f7609db2c7585d9e1325b383721e923a6e199c6bdbdf3d8a9698db9029,NO,Türkiye vs. Paraguay: O/U 7.5 Total Corners,2026-06-20,1,10000000
77138453546797954317507695449226687088044345390896425164447349366789464602448,0x93a234f052fb6d73c1f1b2e3c2574c36f20d51037c6ac8555cc36075510d6ca7,NO,Türkiye vs. Paraguay: O/U 10.5 Total Corners,2026-06-20,1,10000000
73376975952781515929208776725302659582021223775569591634280020514951532230480,0x611378763b8bd56a7343d95dc02163c67a84b95fc8b194532a042470efe8e0af,YES,United States vs. Australia: 2nd Half O/U 2.5,2026-06-19,0,10000000
52266008260981229173035057725757271358467029394247987383471259535427848413049,0xe14470556d589aeb315f9b850a093eddac4114762b892ea616541ef6a36c476a,NO,Scotland vs. Morocco: Morocco O/U 0.5,2026-06-19,0,10000000
67204425326887673736186103243452148454672392722096996979937701400399316503635,0x59334a9bc4d2132113e8daab63a9f98e58446afe76fb00e4851f25c010707d6c,YES,Brazil vs. Haiti: Haiti O/U 1.5,2026-06-20,0,10000000
111497500668145884676906166930937783530460260584673133314101570028136025045844,0xaa49e6231c481d57f630db568313731070c0e3fc68c2af40d6234e3d901139c8,YES,Brazil vs. Haiti: Brazil O/U 6.5 Corners,2026-06-20,1,10000000
91930361717376937879911358130922035830480107758627653650602081851778995065976,0xe505bb7b772d8cd4027d3b5fbcb627e9d8034f009726e975075cb99d2f8c1613,YES,Brazil vs. Haiti: Brazil 1st Half O/U 0.5,2026-06-20,0,10000000
53040108756407410024881442430380594862669624972720592218044430531056220026931,0x4f9730fc10a8c209173129ef5bfc91ae76242037ca0d9777623f9f47e67c7202,NO,Türkiye vs. Paraguay: Paraguay O/U 0.5,2026-06-20,1,10000000
89200679224836524451176773174012735358804103255549361039746892181727935903546,0x55d02472c6ffe437409ece155de9d50f82f0f366d93f058d9c3d719db467c1fc,NO,Scotland vs. Morocco: O/U 2.5,2026-06-19,0,10000000
37862448925828785736529925582036366840856246522824849129301506234306828913139,0xf4c9111e81a23a4d80dffdffb664907a6f9695385db57e5a30cb56465c1f545d,NO,United States vs. Australia: Both Teams to Score in Second Half,2026-06-19,0,10000000
107364634720688268720304066970492965279829229768607203450216429714735242840985,0x0455b0b4ad19700dbfa1d6710b0cf310450cb9e95ea0946fbd16d0f4cf4039db,NO,Scotland vs. Morocco: O/U 3.5,2026-06-19,0,10000000
9953924443730975228908152516397559808786291761493410997530932635776941199133,0x184c20e0072983063a7bfded6f8147b5f6c3f919cb41e70fd77d9540d99dc424,NO,Türkiye vs. Paraguay: 1st Half O/U 0.5,2026-06-20,1,10000000
40022799179733864494634661739504461561410525408384286538366607436789668597630,0x284adee1a144a754ccc899a52947533c828b25a5feb6d4028eaa8542ca2d8d66,YES,Brazil vs. Haiti: O/U 6.5,2026-06-20,0,10000000
22657762016668330848060185473116341121955981475103259807811607892328112532203,0xb9275e5de263eb01555279db80db363cb631912b944878805bfb1e9062b7298c,NO,Scotland vs. Morocco: O/U 1.5,2026-06-19,0,10000000
21743024270693945004142433411957668242868545919018194029648040393178726723933,0x8e4a4c0c8a12798216d32432b6a964b7940927865fd89ed5d27bb773198496e2,YES,Brazil vs. Haiti: O/U 10.5 Total Corners,2026-06-20,0,10000000
36049727514471868534516815302696156239493544207836932982580513229112862775947,0x125c6b3533bcc66c75e1f1a61c8537f85df01516f49228d0c2dbcf7917b2a969,NO,United States vs. Australia: 1st Half O/U 0.5,2026-06-19,0,10000000
91398169009169268289990910111370857940924467983590837745002190143828560023744,0xd9eb62ff052029b8eebd6686fd6dd39a271830690dc8bcab47148ccdf008a99d,YES,Scotland vs. Morocco: O/U 6.5,2026-06-19,0,10000000
36228669707248133931580947629082732160338961318409454215499649448353715467454,0x3a2006e268eb923beaecccc38fa41a3abe42ba9bf21a545e21af8c5a3ca087af,YES,Türkiye vs. Paraguay: O/U 3.5,2026-06-20,1,10000000
85911308040494483480030416439060074957539965791825135197825895995633280069958,0x76a322fe5bca234a663c3ca89fe339d1f1851ab48f323404596452603e41e790,YES,Scotland vs. Morocco: O/U 0.5,2026-06-19,0,10000000
28603208184706427943260896057203131300343416067479739458095634139045080006663,0x227e39491eefa64d2ce6776f4b182ca2247e34c9771d0e565d7297c72fcfbc79,NO,Scotland vs. Morocco: O/U 5.5,2026-06-19,0,10000000
38980393001699431602036850710365553729535038999459289039990949888214153995600,0xff9e348fb98f693e2daeac7227b08946271b2a194f11c82f8f0b947cdab24822,NO,Türkiye vs. Paraguay: Draw at halftime?,2026-06-20,1,10000000
84642552435735557059981295244521198923895829009370030540459953092696165769177,0xf10975c17a816d932787bcefb329df66ceb16e3942cf789ebae5c4bf9284e870,YES,Türkiye vs. Paraguay: O/U 8.5 Total Corners,2026-06-20,1,10000000
64953644441039296888512562879634682057746371376144175440830773066163810441171,0xcd50c189acd4962542bc78f40dbf990e194eee05728282a6f1769c1a2125326c,NO,Brazil vs. Haiti: O/U 11.5 Total Corners,2026-06-20,0,10000000
78453112419911900457453674117622059160474420293094007893768402383132798345335,0x74ddb324bc2a4d8ee9da894f6317d11412119da68f173f5cafffcba04ea3fcde,YES,Scotland vs. Morocco: O/U 10.5 Total Corners,2026-06-19,0,10000000
67717331907432390702941820895611962683940897734871354654819829386689604323907,0x8a9ea8db56d753cba283cd811be520a8599bb3bc4508bdab619fc2aa5f9e88b0,YES,Brazil vs. Haiti: Neither team to score first?,2026-06-20,0,10000000
113445956220741467077386974472925615466070020420898844856079841261607832603439,0xa70fe9df0be74e350f2dadacca6f73926b10fe803bdf2dd2e2c46abfbf9492f3,NO,Türkiye vs. Paraguay: Türkiye O/U 4.5 Corners,2026-06-20,1,10000000
67830867801389194442100793267977037311043107496177501609705639561566636920683,0x300e32ca5a62a4980bc95e5e3885930f8b888d26d46fb61e3dd11d87700618e3,YES,United States vs. Australia: Both Teams to Score,2026-06-19,0,10000000
103546687106856781145232746010321555802081905565434022473055412318113482061570,0x6cc53d624f4831c0dd54087e70ee036590f7504ecd991094f0f36a591f4c9e3e,NO,United States vs. Australia: O/U 4.5,2026-06-19,0,10000000
43068763180000640829152098796323775498398522416921759912473949776827144598358,0x55d02472c6ffe437409ece155de9d50f82f0f366d93f058d9c3d719db467c1fc,YES,Scotland vs. Morocco: O/U 2.5,2026-06-19,0,10000000
78223348693717424771020365173507421531877760451518392427228472575929849408244,0x653930b7fc6f8f670a769980f4d58001165e44c9e168557d3ec6b124b4bb6b85,YES,United States vs. Australia: O/U 0.5,2026-06-19,0,10000000
32780357226587269291523480509376492924704918115434663421919465116619165682262,0xfabcc41afc9aa2a019a4714f151d58b43650fdc1694f57123a31e0c6b99b9b65,NO,Brazil vs. Haiti: Haiti O/U 0.5,2026-06-20,0,10000000
33379932791927881759716701220577902642636247706392958566872483556577821861789,0xa7a1a0c511b5e5c14b1b0f689c1828459be94888c522c103f3221181730a4031,NO,Brazil vs. Haiti: O/U 1.5,2026-06-20,0,10000000
71145165271313987491922508096895091853129264958644085870606705831788319955122,0x667fcdc81f83eb830cdde30c61e1a57606bc144f86cea92cc37dc1cde99f8de4,YES,Brazil vs. Haiti: O/U 8.5 Total Corners,2026-06-20,0,10000000
82140747314088109224263563110435843227797250733668217557290148433998160694322,0x2c56a3cfb946315414917ddc50f6ed85478248a4d5f3c28fde5acff489a2bdfc,YES,United States vs. Australia: 1st Half O/U 1.5,2026-06-19,0,10000000
21364151590643068257102431038419634684875322015473717322288341577291283710649,0xcd5ffcde42d1d0be8698a69854cad0b67a59e24eaf972ba7889ecfb028805983,NO,Brazil vs. Haiti: 1st Half O/U 0.5,2026-06-20,0,10000000
47356681720511943092679759397235396891807889947369244379834915176366339787890,0x36a22ea3278a9c5ccd0b86df5b90cb53e10aa9a29634d49ab136d890342ff444,YES,United States vs. Australia: United States 1st Half O/U 0.5,2026-06-19,0,10000000
349746815039688789192075219781901880662200339119815330753661008325951507030,0x847437c87f50c88bd3b7501afb272b5d8df1e1eb6783fbbcfcf697275ac6e50b,YES,United States vs. Australia: 1st Half O/U 4.5 Total Corners,2026-06-19,0,10000000
103323144835679668310957397275196347452770448028059248929738671034467006348016,0x7b830121eb0c58c5f4161ecd626af187d199ba1ed7a705a696ebf93e84a1423f,NO,Brazil vs. Haiti: O/U 3.5,2026-06-20,0,10000000
63064859847928824247790994162580308946494044030790157475170619309871712352,0x9ba41cafec0ffa64afc703348ff66303c1576c1a4d9691d7583bc1e31dd30db8,NO,United States vs. Australia: O/U 8.5 Total Corners,2026-06-19,0,10000000
22052206508396802345807832564213299748015163503955583534831040422025613144765,0xcd5eafaf2212ecd7b9449baa77432e7a294c24415840c0fafcf7befa3ff9e851,YES,Türkiye vs. Paraguay: O/U 4.5,2026-06-20,1,10000000
3849376416880460050281695733446224595340442708960520118632039901884214476721,0x0ef65ebd3f36458137a314bf18e316a8323d033b58f674153abf5c1da97a8eb0,YES,United States vs. Australia: Neither team to score first?,2026-06-19,0,10000000
92561488861306200653515551127164508177041643817804085451517297108384342943002,0x8151ffbdd5fb1aa023d89a87e0bcb1c3f937cbc4c4809dcc149ef314d4dfb67e,YES,Brazil vs. Haiti: Brazil O/U 7.5 Corners,2026-06-20,0,10000000
102626210674798065962375771541173999982610723091615360208628637875408901089302,0x74377cea5f346a3b454dbb136f688f147396381372a1418289723204e242fc3b,NO,Brazil vs. Haiti: 1st Half O/U 1.5,2026-06-20,0,10000000
17731655371274146527295648808697624929449729928985838061486423580100583943465,0xbf4495015ed8f836f441008d833350665abf367fc37bfea456a0cd9c91ec3e01,YES,United States vs. Australia: Draw at halftime?,2026-06-19,0,10000000
59766960653218156854210539100158581897708621767293732123817752892742848367616,0x66c50c8193712be4d94e9e5cdc090be4e82b050c688272fc24a50b80dad48aa0,YES,United States vs. Australia: United States O/U 2.5,2026-06-19,0,10000000
23225003537108989551778066144693688780117165049191039646795238020322501553139,0x151504a17e619414dc09650f6cfeab2bfb63964edd8928a828dadabea3d02d49,NO,Brazil vs. Haiti: Brazil O/U 3.5,2026-06-20,0,10000000
97233106790773448365672642829139371447252605092327628474227549016652073884674,0x93615a466740aef634c9e3b5eb521de1c53b3b73130e72ab45d1bb014ffb3563,NO,Brazil vs. Haiti: O/U 7.5 Total Corners,2026-06-20,0,10000000
103217801677388174143977223195220969255964447389602627193984885576827394216958,0xf73b815cb1f1535bc4034b3ccadb1499a3f6991500f6b8dfe7e05819f1629483,YES,Brazil vs. Haiti: 1st Half O/U 2.5,2026-06-20,0,10000000
18848455154572091871995464302615481925562537664865606850051458548636939303181,0xb0376135438501bca413f3168d1a5f7d198b1f16a5ee058589546b717646420d,NO,Brazil vs. Haiti: Haiti O/U 2.5,2026-06-20,0,10000000
60458990883772494940164349199105055462438816183444026716466018905191626267163,0x7652428a1e00a11d9bf5ae8b4e77c672836e9897137b3d38013d4577649dde93,NO,Türkiye vs. Paraguay: Paraguay O/U 1.5,2026-06-20,1,10000000
32119774861601767809867283650069946484685075980505835201995035137150231372345,0xb1a0254ee2dfe4fc6bb05e521cd068d463245f3763cac6ed3c464d6499a8cc07,YES,Will Türkiye vs. Paraguay end in a draw?,2026-06-20,1,10000000
113898696319517226358497497794483415774297274386843806812081645787342752997162,0x5cac231397cc63e8d8ebc4c555066f77d7ba6581555a42297a9ac0b21e72a17f,YES,United States vs. Australia: O/U 1.5,2026-06-19,0,10000000
27550171473331153659341973521017229164343640427486380147240812482105200771618,0x5cac231397cc63e8d8ebc4c555066f77d7ba6581555a42297a9ac0b21e72a17f,NO,United States vs. Australia: O/U 1.5,2026-06-19,0,10000000
64147676885874536393368337342330969824695219465724382052776679918937183670489,0x8e4a4c0c8a12798216d32432b6a964b7940927865fd89ed5d27bb773198496e2,NO,Brazil vs. Haiti: O/U 10.5 Total Corners,2026-06-20,0,10000000
79278878710484957809327494769790204631250811307958664847166804297749063988349,0x9a369ceb2f78db29486fa7cce4f96b5c7f15e886cba93883620e3de246f10876,NO,United States vs. Australia: 1st Half O/U 2.5,2026-06-19,0,10000000
100239292619075552231752800676583563151183734360205801089243688217016689920374,0x8e04a2d36130e374d38f91b2eb5c564d7d51f856e7bd28e69d7e60ec6ea5634f,YES,Brazil vs. Haiti: O/U 12.5 Total Corners,2026-06-20,0,10000000
29757092182851819799196980644884036135274733831295363673978581164934088864928,0xde6e62a4401b974578ab06dc80380ff7a53b6fd621cef2c86b136698b828327e,YES,Scotland vs. Morocco: Scotland 1st Half O/U 0.5,2026-06-19,0,10000000
52575345678960270595930960155439616256970152728812127920478503352238884196576,0x8151ffbdd5fb1aa023d89a87e0bcb1c3f937cbc4c4809dcc149ef314d4dfb67e,NO,Brazil vs. Haiti: Brazil O/U 7.5 Corners,2026-06-20,0,10000000
38057390173149338392292655523451506339648822129496112945282266170541053057618,0x151504a17e619414dc09650f6cfeab2bfb63964edd8928a828dadabea3d02d49,YES,Brazil vs. Haiti: Brazil O/U 3.5,2026-06-20,0,10000000
9692538152079074497173309341400715275626702349332002423845497003570299605168,0xf01a2eef10431aff7fbbf46269948e33eb7206a6e4a1af53a2450d73ccecb244,YES,United States vs. Australia: Australia O/U 2.5 Corners,2026-06-19,0,10000000
6430722578900247553348127085968040159813398547728491533245537903345779450454,0x1b9e1752b41567a10622cf4dfcfb65c8c10f6b2d792d456bc3ad8cbc7ca38cb9,NO,United States vs. Australia: United States 1st Half O/U 1.5,2026-06-19,0,10000000
106951576588360348588686195061457967884230923928941515293642136370613947993812,0x3ab481227c9cb3f23e3f489ba1ed231a3feb464df8d39900b6f9994e167cad92,NO,United States vs. Australia: Second half draw?,2026-06-19,0,10000000
81505101221608310871649786278663682156811403649641264804338752840406453988664,0x30c97652787798c0a64e7659303501e834a5a0ca0d55f811f8f003646f21cf69,YES,Scotland vs. Morocco: 1st Half O/U 0.5,2026-06-19,0,10000000
38521868925849409947216404619557532425091454353781607601468120827401901866053,0xffa05800960fb8b1532c0f3f99f51b4996c9b447b0b195635e644e071e4b63e7,NO,Will United States vs. Australia end in a draw?,2026-06-19,0,10000000
109269497217299502116676395480596041754607662236964061073622120751625474742107,0x577cffeb67b4b292a9f8e29b967e5de1c409333fabb752cf5057768c5e900422,YES,Will Scotland vs. Morocco end in a draw?,2026-06-19,0,10000000
106642360611489118738670656730344649274927291531163507779536245831225449527034,0xbc2caa56ce87821dfaff13470465afbf442c79f641726585722841eac93eb5a6,NO,United States vs. Australia: United States O/U 1.5,2026-06-19,0,10000000
64090226798465062779119967446010560660304549123640475097185855012019693501788,0x9ba41cafec0ffa64afc703348ff66303c1576c1a4d9691d7583bc1e31dd30db8,YES,United States vs. Australia: O/U 8.5 Total Corners,2026-06-19,0,10000000
35427343665799757131079020681994574805893739720444343451503720333027675056719,0x42e73496ac316c6dae9d979fdfd61dddf1b8c51c69425f486945d2dddf25fde4,NO,Brazil vs. Haiti: O/U 9.5 Total Corners,2026-06-20,0,10000000
4597318314723439924377650960872470079426445949373680613766388384354494832005,0x653930b7fc6f8f670a769980f4d58001165e44c9e168557d3ec6b124b4bb6b85,NO,United States vs. Australia: O/U 0.5,2026-06-19,0,10000000
23346414362175122583498474494149410227230872110852550305198301508280313811397,0x4fca867b79f787947c20ad7aa6b25446b429c0d6bbbf03cd247cc45337045ba2,YES,Türkiye vs. Paraguay: O/U 9.5 Total Corners,2026-06-20,1,10000000
67582265409937972286373348605510828320133788134659679640918303476692494745356,0x9a369ceb2f78db29486fa7cce4f96b5c7f15e886cba93883620e3de246f10876,YES,United States vs. Australia: 1st Half O/U 2.5,2026-06-19,0,10000000
77363234901771020342767042816752617402577330678299574004250775994943012495897,0xde6e62a4401b974578ab06dc80380ff7a53b6fd621cef2c86b136698b828327e,NO,Scotland vs. Morocco: Scotland 1st Half O/U 0.5,2026-06-19,0,10000000
115458808227101348457366522625791466875686590629334205013486925244388370577477,0xdc112ac375b3af1ee7c9c1d8d9a160cdbaff2c24ad865a4837c340d8d36fa441,YES,Brazil vs. Haiti: Draw at halftime?,2026-06-20,0,10000000
50326130189043751558209405889826663831275080181406656839730973729994229360847,0xe82c35bb8aa04a7d77a9293b3ce06da1fc400ceb4faed6aa1afd728e2a503648,YES,United States vs. Australia: O/U 6.5 Total Corners,2026-06-19,0,10000000
75437378508494311608290437557981529584920780761434718709001138356143715994842,0xcd5ffcde42d1d0be8698a69854cad0b67a59e24eaf972ba7889ecfb028805983,YES,Brazil vs. Haiti: 1st Half O/U 0.5,2026-06-20,0,10000000
70200360850375306007076594688226825761834555802827083689727479898901171000231,0x595a4d34ce3802e9cf5baf5eded84d2320b05b90cd70ee500ab0d1f9947b0dcb,NO,Scotland vs. Morocco: O/U 8.5,2026-06-19,0,10000000
97015659481237172938926726191796503790667236466094603773497182785549503004906,0x93a234f052fb6d73c1f1b2e3c2574c36f20d51037c6ac8555cc36075510d6ca7,YES,Türkiye vs. Paraguay: O/U 10.5 Total Corners,2026-06-20,1,10000000
78256873046032676918555827858971218168297203112303852982554350887752354347281,0xe8da2552ac8ebe5812713ba1e195ffb17a1c372b6e529e831cc6db24f315cb4d,NO,Scotland vs. Morocco: Scotland O/U 3.5 Corners,2026-06-19,0,10000000
51300982085675689879140399181573214360652946780434454512638305723633640476587,0x847437c87f50c88bd3b7501afb272b5d8df1e1eb6783fbbcfcf697275ac6e50b,NO,United States vs. Australia: 1st Half O/U 4.5 Total Corners,2026-06-19,0,10000000
79934818290853410636743165815111175687893366065914387169930354633528936744843,0xe505bb7b772d8cd4027d3b5fbcb627e9d8034f009726e975075cb99d2f8c1613,NO,Brazil vs. Haiti: Brazil 1st Half O/U 0.5,2026-06-20,0,10000000
14729379386817258537354006783786102068178286988322042272817558435233867171838,0xffa05800960fb8b1532c0f3f99f51b4996c9b447b0b195635e644e071e4b63e7,YES,Will United States vs. Australia end in a draw?,2026-06-19,0,10000000
54511825390633995374175059606221780469743756932404872461241366577064924822137,0x7b830121eb0c58c5f4161ecd626af187d199ba1ed7a705a696ebf93e84a1423f,YES,Brazil vs. Haiti: O/U 3.5,2026-06-20,0,10000000
30085314462651645014671523474586270346080991386985384768237741781580880165804,0x01be55092df11921718a3c7b28b5a129ef0fe4956cc92718cdf66735fb68644c,YES,Türkiye vs. Paraguay: Both Teams to Score,2026-06-20,1,10000000
89918926297838390253891344313375599163448409700554201373074123104277919594915,0x3112fac8d20d1ab49fa9151c7f0a304d91dc5f180f49ee373327ef85ec5c2c2b,NO,Türkiye vs. Paraguay: O/U 2.5,2026-06-20,1,10000000
82520248772558096477569406509739218878098930941585504824232872764487458345557,0xfabcc41afc9aa2a019a4714f151d58b43650fdc1694f57123a31e0c6b99b9b65,YES,Brazil vs. Haiti: Haiti O/U 0.5,2026-06-20,0,10000000
91797342649935005659723473487945168888823299640458385811137751112442362971517,0xd3911cf2750017788b8a2d545d1a000d0c2258a33d8b032fe0a9ffb2656af55a,YES,Scotland vs. Morocco: Morocco O/U 1.5,2026-06-19,0,10000000
97107346377300326756243906900506638488775677086263939849702580449021687125461,0x7c2d7c0a079fb1d2ddfccab058e8872c90476fd261a6390c68e89a1e02770aa6,NO,Scotland vs. Morocco: O/U 8.5 Total Corners,2026-06-19,0,10000000
54058352123636809754491400885780444263314303808348831583845068462113494557587,0x9d289dc13884c36816f5431abc88f13da633dbda7252ee49841707fd230c51d3,YES,Scotland vs. Morocco: Draw at halftime?,2026-06-19,0,10000000
82106457557477295658954976771109054327611862287788268469868132968501266664745,0xff9e348fb98f693e2daeac7227b08946271b2a194f11c82f8f0b947cdab24822,YES,Türkiye vs. Paraguay: Draw at halftime?,2026-06-20,1,10000000
16532581129927093357644872915159507389537975512753920783243646796915541561229,0xd4428eeec7a90f36bb5a7322d1d8db882388cc1698eecab65bd3d541110fa2a6,YES,Türkiye vs. Paraguay: O/U 0.5,2026-06-20,1,10000000
106622334779206904695341234693056605331070420080838752911036677474317645900706,0x66c50c8193712be4d94e9e5cdc090be4e82b050c688272fc24a50b80dad48aa0,NO,United States vs. Australia: United States O/U 2.5,2026-06-19,0,10000000
6597768416400017462224970817383298614508203450027858595114082199703586774627,0x2335d2b564e67e15d23fb443586a3dc7bfeb9ff7499b3bc4240b9a84bff719a0,YES,United States vs. Australia: 1st Half O/U 3.5 Total Corners,2026-06-19,0,10000000
55335568330349235119999122052370067609673539657551854717959260260937998098800,0x595a4d34ce3802e9cf5baf5eded84d2320b05b90cd70ee500ab0d1f9947b0dcb,YES,Scotland vs. Morocco: O/U 8.5,2026-06-19,0,10000000
54620762302568806716715350762609647781652181416101594371152042608732411371894,0x93615a466740aef634c9e3b5eb521de1c53b3b73130e72ab45d1bb014ffb3563,YES,Brazil vs. Haiti: O/U 7.5 Total Corners,2026-06-20,0,10000000
105775330234223389842275536196641769650757039785112228740949409671994806270708,0xd1ceca466edc318ffac9931027d2c100af0b0ff03d5c99dc0330756659c92fca,YES,United States vs. Australia: O/U 11.5 Total Corners,2026-06-19,0,10000000
113182873523885563435660596160301314568963181475309890401010720372454290200960,0xf6392ced508f209656aa09425f9b2b18a01b9b522ccc014fcf58d52fa06ef20c,NO,Scotland vs. Morocco: Both Teams to Score in First Half,2026-06-19,0,10000000
49503859283300725757745565009165948872654935567084601506751183884192613677289,0xaf56df66063f77e3d3c864a3dc8722620443feb2ac1ac9d683ba74c2c9bf3e1e,YES,Türkiye vs. Paraguay: Türkiye O/U 1.5,2026-06-20,1,10000000
39731079539867733561498489934951324334898530095840395767406394424368358654721,0xaf56df66063f77e3d3c864a3dc8722620443feb2ac1ac9d683ba74c2c9bf3e1e,NO,Türkiye vs. Paraguay: Türkiye O/U 1.5,2026-06-20,1,10000000
19476632374658505033186867647925030622991578566122756816502771861996509599669,0x96ffdc3baf35bef85b49f81a00472b5764c7380d16ec761cc4fdcf1a050709f7,YES,Brazil vs. Haiti: Brazil O/U 0.5,2026-06-20,0,10000000
18796166218551721106812335380427743014437750545024964317719736405706898365535,0xc304352e769d8debdbc98413a9f2bc580b46b6b66b20d5822353e3879f987a0c,YES,United States vs. Australia: O/U 12.5 Total Corners,2026-06-19,0,10000000
62750030251656191620116258339160198016020640535888866315712965909200445712269,0x64c476b2d0a425cc142a513acff482af94113e1bfd62b16cede3462d9afdde64,YES,Scotland vs. Morocco: O/U 9.5 Total Corners,2026-06-19,0,10000000
91794152962295282780128202918688911519065250129493063213611508236665298847241,0x30c97652787798c0a64e7659303501e834a5a0ca0d55f811f8f003646f21cf69,NO,Scotland vs. Morocco: 1st Half O/U 0.5,2026-06-19,0,10000000
63315966698829775184670003708243882052096593922720476092437753363249101510068,0x5cd96031584b0e34d785fb7501b36d8917f3b2b1cbe96781d3e0a98b166648dc,NO,Türkiye vs. Paraguay: Paraguay O/U 3.5 Corners,2026-06-20,1,10000000
60100659827096498182310671852330869536187985503236675163248670964088760538352,0x59334a9bc4d2132113e8daab63a9f98e58446afe76fb00e4851f25c010707d6c,NO,Brazil vs. Haiti: Haiti O/U 1.5,2026-06-20,0,10000000
48361650383869478898936392996040636783659966545651847785202949158969261073062,0x67f6be2632e15a0420b4a7f1867398b8be4d757173a2d6128b9299a2d8b771a0,NO,Türkiye vs. Paraguay: Türkiye O/U 0.5,2026-06-20,1,10000000
113559660910804758764833961452504711202600016815256296518246321203892790847684,0x00e47ce131fa3299fc38386392675f3bddbf8fa3cafb36658f9fd70b3eec0bdb,YES,Türkiye vs. Paraguay: O/U 12.5 Total Corners,2026-06-20,1,10000000
19231783864635332360042048934098484597156886540583638827549665323217015978659,0xc67e78d9515ea4100e43ea9f861fde9b068c7fc3f1395d26699c433206f9aabf,YES,United States vs. Australia: O/U 2.5,2026-06-19,0,10000000
44654769333046528346139965331873489889567163297280225286353492828529494504482,0xd414a4bdb4c86f835fb31e432ab3ea15e374fe7f39b6b0a224c7a521378967ea,YES,Will Brazil vs. Haiti end in a draw?,2026-06-20,0,10000000
37300961359657576398605696500147567954071880279146396516760309602457857533109,0x8143fad941c82f90679e15c8fb7b9c1c920fb30aa3996333d108f63091d2da97,YES,United States vs. Australia: O/U 9.5 Total Corners,2026-06-19,0,10000000
73625057875804215040744563296819720071585664189691910394441864936193243510411,0x284adee1a144a754ccc899a52947533c828b25a5feb6d4028eaa8542ca2d8d66,NO,Brazil vs. Haiti: O/U 6.5,2026-06-20,0,10000000
8556121609718177952159919671816345931031835832299274464646057136377173652615,0x3abf580851cb45e4edb313fb44d43239ec4d6ef3ad90fd5a46546ab81a11dd80,NO,Brazil vs. Haiti: O/U 2.5,2026-06-20,0,10000000
75552716999657172332061537631774113976696739539827773943644134327212143318833,0x86f5fb1d04d926a87921e04ee7f8e57e0e2d2ca00c28a49ea39b99417794e952,YES,Türkiye vs. Paraguay: O/U 5.5,2026-06-20,1,10000000
40112612015369977899045804402004412249581672468430189256345428648759964616619,0x7c2d7c0a079fb1d2ddfccab058e8872c90476fd261a6390c68e89a1e02770aa6,YES,Scotland vs. Morocco: O/U 8.5 Total Corners,2026-06-19,0,10000000
80294820953815107951726299463261068273404471465505505740143026261041838783522,0x52f53305f69cd096ea39caa5fe926c9e1f3e80ab0088d6fb45136ad5bd63d227,NO,United States vs. Australia: O/U 8.5,2026-06-19,0,10000000
2843167287871912172819355090935038032740189471900674122390212751736149140856,0xdc69b1161dafc14363003b12cca65a50fc850f1cc62df21c25bc6a229c74244c,NO,United States vs. Australia: O/U 7.5,2026-06-19,0,10000000
69170975747702401448085764539812614083356038000171710071012944845656153812824,0xfe4171792d4c891b70dd384b045e3c0ef5ee7b44e85ba3ac1949a0c69f4d0ff0,NO,United States vs. Australia: Australia 1st Half O/U 0.5,2026-06-19,0,10000000
88817965264271530457781523171623573108373851001201484339218413677002737090546,0x74d441db5a1bef646557c5e7bba4de5ea552546308d9ce739c736d8053e72557,NO,Scotland vs. Morocco: Scotland O/U 1.5,2026-06-19,0,10000000
74358641729727936039602413689225920040240602376065282893804575967099795046999,0x6d2ec1a7454f8a94e4d291af138e474041ed49d1419fbe14ab7e583362dc4e27,YES,United States vs. Australia: United States O/U 5.5 Corners,2026-06-19,0,10000000
100955659913839636274334409443474413626423345553166981538984043402312255884742,0xc304352e769d8debdbc98413a9f2bc580b46b6b66b20d5822353e3879f987a0c,NO,United States vs. Australia: O/U 12.5 Total Corners,2026-06-19,0,10000000
96384641253499891873283225680099219650457811010515541246825788911561205204192,0x64c476b2d0a425cc142a513acff482af94113e1bfd62b16cede3462d9afdde64,NO,Scotland vs. Morocco: O/U 9.5 Total Corners,2026-06-19,0,10000000
99545487941932281163389740387812365910938069135731447549052318891126876547465,0xf73b815cb1f1535bc4034b3ccadb1499a3f6991500f6b8dfe7e05819f1629483,NO,Brazil vs. Haiti: 1st Half O/U 2.5,2026-06-20,0,10000000
1818238280643710784268253630590975535664742513087503437697628499765395318354,0x5cd96031584b0e34d785fb7501b36d8917f3b2b1cbe96781d3e0a98b166648dc,YES,Türkiye vs. Paraguay: Paraguay O/U 3.5 Corners,2026-06-20,1,10000000
50235707162033578309599255603229709546892148331201738664947303963112081710300,0xd1d816fab313291b9a0f0558314d2198cacc9a326428e03ebef37dd37085308e,YES,Türkiye vs. Paraguay: Türkiye 1st Half O/U 0.5,2026-06-20,1,10000000
96898218274911297528956982798818683306423935188837169686403471337167370963001,0x577cffeb67b4b292a9f8e29b967e5de1c409333fabb752cf5057768c5e900422,NO,Will Scotland vs. Morocco end in a draw?,2026-06-19,0,10000000
91852540401538004050364978566455521041693675732758817182493101771771326954023,0x959c79d9ff310b46dec3e402f4e71e80a23d8c7a5228c41946900eab085a0d85,NO,United States vs. Australia: O/U 3.5,2026-06-19,0,10000000
57838328051287135350282484439651254001426368389538530548428275271653935942428,0x4457384d10bd19139415797fe197fed390213239184c8e80390671d8801c200d,YES,Brazil vs. Haiti: O/U 5.5,2026-06-20,0,10000000
14385414519593346678845012932226619363130939570267868558000891800724570695482,0x0455b0b4ad19700dbfa1d6710b0cf310450cb9e95ea0946fbd16d0f4cf4039db,YES,Scotland vs. Morocco: O/U 3.5,2026-06-19,0,10000000
67002672652249283891668880619028679858502006074415983897282032397202609197237,0x42e73496ac316c6dae9d979fdfd61dddf1b8c51c69425f486945d2dddf25fde4,YES,Brazil vs. Haiti: O/U 9.5 Total Corners,2026-06-20,0,10000000
34335238564960124261923799745644704633157556583399810568460060459386548030071,0xa7a1a0c511b5e5c14b1b0f689c1828459be94888c522c103f3221181730a4031,YES,Brazil vs. Haiti: O/U 1.5,2026-06-20,0,10000000
89101593814053257595779230730427217533755158609045118442154958674115811966144,0x251cf7139459b536144810f2bafa0a05719f62b8c90cb64148a064db35192b77,YES,United States vs. Australia: Australia O/U 1.5,2026-06-19,0,10000000
78517114450856574054408582172236439068983140468430440928925346804477550453874,0x4fca867b79f787947c20ad7aa6b25446b429c0d6bbbf03cd247cc45337045ba2,NO,Türkiye vs. Paraguay: O/U 9.5 Total Corners,2026-06-20,1,10000000
71476574507371612730005051381021812550220581244267031196697767828740220424694,0x7a671fa884bd2abb2f1626e879d58eb864b8fd7448b56a6093005f3e1d8b467f,YES,United States vs. Australia: O/U 6.5,2026-06-19,0,10000000
12059453100743130103542207636541252785428108299928810975341203127189122312606,0x2335d2b564e67e15d23fb443586a3dc7bfeb9ff7499b3bc4240b9a84bff719a0,NO,United States vs. Australia: 1st Half O/U 3.5 Total Corners,2026-06-19,0,10000000
75104442869489717127529625680407249641593680711593515406916964470061831520706,0xfe4171792d4c891b70dd384b045e3c0ef5ee7b44e85ba3ac1949a0c69f4d0ff0,YES,United States vs. Australia: Australia 1st Half O/U 0.5,2026-06-19,0,10000000
17579511948603320315804558478151191292434712853636965465638336093559476956576,0xbd2f6fdb40e00f1fc1b42c309deb790c6bedd835b567e2292523ddbf1a76b1fe,YES,United States vs. Australia: 2nd Half O/U 1.5,2026-06-19,0,10000000
10402885248979734167603398434653115480290391304745958313285686404794643123849,0xe9297421cac7c2d4442aafe909c38fcb0c019df872b408c4cd951e377b5da8ff,NO,United States vs. Australia: Australia O/U 3.5 Corners,2026-06-19,0,10000000
104599871791069124126929416647637006632268157366694079293719690936702253000796,0xa547fb9269584d65298da72d37251589b6d4418684f5e2e041017ca3d7b0959b,YES,Türkiye vs. Paraguay: Neither team to score first?,2026-06-20,1,10000000
44095633015063660699441332782314688715825622391409349305201918429158219461732,0xa547fb9269584d65298da72d37251589b6d4418684f5e2e041017ca3d7b0959b,NO,Türkiye vs. Paraguay: Neither team to score first?,2026-06-20,1,10000000
49644430039294756133391750988964438066122252401439094853756458853998032824995,0x9b462d223d232972014ad9dfd41b5783a9315ace88281e5839c062fc565cd51f,NO,Türkiye vs. Paraguay: Both Teams to Score in First Half,2026-06-20,1,10000000
44948014491739217637479599534998305202362569090808529454405671535711809425996,0x5e6b685211bb1141b9f71539d29a6f60d681efb841668443c1c9eeacf1be73c7,YES,Brazil vs. Haiti: Both Teams to Score,2026-06-20,0,10000000
51166769098060938944884226395866257511544477569578885404476499670834949778986,0x6c97fa5721239efeab68e43ab9a54a78ddc0722ee51e565ccd76d82659c3bc2b,NO,Scotland vs. Morocco: Both Teams to Score,2026-06-19,0,10000000
18554082763229964312721872452885734857468602213809012107947001531074399141288,0xf4c9111e81a23a4d80dffdffb664907a6f9695385db57e5a30cb56465c1f545d,YES,United States vs. Australia: Both Teams to Score in Second Half,2026-06-19,0,10000000
112824264383609417883558632080812981102288638931647348992079235756804764850506,0x01be55092df11921718a3c7b28b5a129ef0fe4956cc92718cdf66735fb68644c,NO,Türkiye vs. Paraguay: Both Teams to Score,2026-06-20,1,10000000
100980209532056476212779186990208603859721898694706225309179452591193921399331,0xcd5eafaf2212ecd7b9449baa77432e7a294c24415840c0fafcf7befa3ff9e851,NO,Türkiye vs. Paraguay: O/U 4.5,2026-06-20,1,10000000
90107275374955848773736212332291836342037651885539855825254875090609452137184,0x125c6b3533bcc66c75e1f1a61c8537f85df01516f49228d0c2dbcf7917b2a969,YES,United States vs. Australia: 1st Half O/U 0.5,2026-06-19,0,10000000
23124050621995654146357194814238895164396212454956661963910259580533235097127,0x76a322fe5bca234a663c3ca89fe339d1f1851ab48f323404596452603e41e790,NO,Scotland vs. Morocco: O/U 0.5,2026-06-19,0,10000000
74802253899290608619634573778600208698817463253972871804007439897255758212252,0x1d91c2f193a85c62657df5ca4828b599f45cf117cebfaa8c74297dd11e0a9f52,NO,Brazil vs. Haiti: Brazil O/U 2.5,2026-06-20,0,10000000
21834366353542886499236480310779398075060706172267731831230820702583816407138,0x74377cea5f346a3b454dbb136f688f147396381372a1418289723204e242fc3b,YES,Brazil vs. Haiti: 1st Half O/U 1.5,2026-06-20,0,10000000
95532639813940537012243526168802378034068200568665377181755941394472453655247,0xbf4495015ed8f836f441008d833350665abf367fc37bfea456a0cd9c91ec3e01,NO,United States vs. Australia: Draw at halftime?,2026-06-19,0,10000000
24265177192836637565233115268291224758780950213735742201510074188402410613024,0x7b89625e13de90c5b1b801db197b30ceee0c7ae9a4f5001ec845cdd3c8984ee8,NO,Brazil vs. Haiti: Brazil 1st Half O/U 1.5,2026-06-20,0,10000000
61801511100652343629422968216203066715567728917311240939110784952748192455551,0xe14470556d589aeb315f9b850a093eddac4114762b892ea616541ef6a36c476a,YES,Scotland vs. Morocco: Morocco O/U 0.5,2026-06-19,0,10000000
7749062817703362444477232508928082228165724976907485077563853989329866283502,0xa5c0641f44602aa4fb0553481f630f697542a4798192ad84e8673e7815c768c4,YES,Brazil vs. Haiti: Haiti O/U 2.5 Corners,2026-06-20,0,10000000
47136448375067257258114455823091548342338464424635111748278409474759118308358,0xaa49e6231c481d57f630db568313731070c0e3fc68c2af40d6234e3d901139c8,NO,Brazil vs. Haiti: Brazil O/U 6.5 Corners,2026-06-20,1,10000000
37293682288475897551602575042363478741442854460738304056394895053627397400614,0x7652428a1e00a11d9bf5ae8b4e77c672836e9897137b3d38013d4577649dde93,YES,Türkiye vs. Paraguay: Paraguay O/U 1.5,2026-06-20,1,10000000
